Date,Lat.,Long,Value1,Value2,Value3,Value4,Value5
2015/10/05 00:00:00,37.960986,23.709146,40,70,86,28,19
2015/10/06 00:00:00,37.964912,23.703719,81,42,98,80,66
2015/10/07 00:00:00,37.941326,23.695152,20,89,76,43,81
2015/10/08 00:00:00,37.939257,23.689993,12,39,19,83,51
2015/10/09 00:00:00,37.959604,23.694505,96,65,76,81,81
2015/10/10 00:00:00,37.964955,23.690352,69,24,40,96,19
2015/10/11 00:00:00,37.951897,23.698315,74,56,48,57,43
2015/10/12 00:00:00,37.947415,23.710529,0,53,22,71,95
2015/10/13 00:00:00,37.938573,23.684822,2,71,52,27,7
2015/10/14 00:00:00,37.956611,23.703121,74,70,90,0,48
2015/10/15 00:00:00,37.954128,23.710339,28,27,6,70,3
2015/10/16 00:00:00,37.956407,23.713190,74,54,100,95,13
2015/10/17 00:00:00,37.941021,23.712100,25,82,11,73,91
2015/10/18 00:00:00,37.956744,23.686518,70,48,56,31,88
2015/10/19 00:00:00,37.959964,23.701932,6,88,44,79,74
2015/10/20 00:00:00,37.942073,23.705171,12,89,51,12,63
2015/10/21 00:00:00,37.948515,23.692468,32,63,9,88,41
2015/10/22 00:00:00,37.954913,23.708902,60,58,17,31,45
2015/10/23 00:00:00,37.953464,23.683424,41,14,53,7,74
2015/10/24 00:00:00,37.956102,23.699323,65,55,23,86,61
2015/10/25 00:00:00,37.950277,23.710776,45,47,45,77,96
2015/10/26 00:00:00,37.960645,23.709836,42,12,10,89,24
2015/10/27 00:00:00,37.948994,23.695485,45,32,77,30,94
2015/10/28 00:00:00,37.960566,23.683868,18,8,95,81,47
2015/10/29 00:00:00,37.953948,23.690236,26,61,9,42,31
2015/10/30 00:00:00,37.946045,23.705364,20,88,64,82,77
2015/10/31 00:00:00,37.940499,23.709500,11,26,85,85,45
2015/11/01 00:00:00,37.959979,23.713479,63,60,36,0,28
2015/11/02 00:00:00,37.950746,23.717301,41,88,26,19,79
2015/11/03 00:00:00,37.963510,23.699280,45,53,32,41,10
2015/11/04 00:00:00,37.947409,23.689140,63,72,10,28,98
2015/11/05 00:00:00,37.938540,23.699312,8,25,11,19,84
2015/11/06 00:00:00,37.947896,23.713384,24,11,44,32,54
2015/11/07 00:00:00,37.960841,23.717633,87,41,68,53,85
2015/11/08 00:00:00,37.940128,23.713549,13,29,66,60,47
2015/11/09 00:00:00,37.940546,23.710184,13,7,21,34,23
2015/11/10 00:00:00,37.941426,23.693805,86,1,92,19,64
2015/11/11 00:00:00,37.959270,23.707628,6,6,97,72,35
2015/11/12 00:00:00,37.938596,23.685598,34,43,21,90,25
2015/11/13 00:00:00,37.949116,23.715071,70,37,40,89,13
2015/11/14 00:00:00,37.954933,23.687010,9,60,98,31,29
2015/11/15 00:00:00,37.937324,23.711590,36,50,65,30,35
2015/11/16 00:00:00,37.960897,23.696127,34,79,64,98,65
2015/11/17 00:00:00,37.942964,23.712518,20,82,63,64,3
2015/11/18 00:00:00,37.962982,23.705393,35,80,37,29,21
2015/11/19 00:00:00,37.956525,23.716835,69,7,6,63,42
2015/11/20 00:00:00,37.961734,23.702420,96,75,16,51,88
2015/11/21 00:00:00,37.941480,23.691295,26,64,29,91,70
2015/11/22 00:00:00,37.953153,23.692792,100,28,38,3,14
2015/11/23 00:00:00,37.958375,23.706359,74,58,68,15,39
2015/11/24 00:00:00,37.938518,23.696909,38,52,48,18,99
2015/11/25 00:00:00,37.959429,23.707289,10,30,0,59,17
2015/11/26 00:00:00,37.950812,23.690438,52,72,94,100,78
2015/11/27 00:00:00,37.958542,23.717851,76,94,60,73,44
2015/11/28 00:00:00,37.960176,23.689097,65,21,81,89,84
2015/11/29 00:00:00,37.939447,23.695768,84,22,32,18,51
2015/11/30 00:00:00,37.962482,23.702740,36,68,100,79,25
2015/12/01 00:00:00,37.941508,23.707751,54,10,54,10,96
2015/12/02 00:00:00,37.965446,23.683073,69,42,62,25,13
2015/12/03 00:00:00,37.951506,23.715118,0,62,68,19,90
2015/12/04 00:00:00,37.948877,23.693540,0,0,77,84,75
2015/12/05 00:00:00,37.942638,23.702766,84,26,55,5,38
2015/12/06 00:00:00,37.958116,23.695416,27,53,24,19,40
2015/12/07 00:00:00,37.946412,23.684245,89,98,70,80,54
2015/12/08 00:00:00,37.960725,23.709741,87,33,91,81,83
2015/12/09 00:00:00,37.951097,23.709823,10,86,81,42,94
2015/12/10 00:00:00,37.940793,23.687535,17,94,60,17,60
2015/12/11 00:00:00,37.951162,23.689236,93,62,60,3,3
2015/12/12 00:00:00,37.951230,23.703575,82,39,38,33,42
2015/12/13 00:00:00,37.961107,23.718751,46,41,39,1,6
2015/12/14 00:00:00,37.953642,23.718151,17,18,8,31,59
2015/12/15 00:00:00,37.946067,23.703058,58,77,26,92,36
2015/12/16 00:00:00,37.948644,23.688436,66,95,59,51,54
2015/12/17 00:00:00,37.956893,23.697285,34,96,70,71,21
2015/12/18 00:00:00,37.951507,23.707463,18,0,89,21,73
2015/12/19 00:00:00,37.963564,23.701831,0,77,17,67,12
2015/12/20 00:00:00,37.954976,23.718854,8,36,11,12,83
2015/12/21 00:00:00,37.960808,23.686707,26,37,41,16,17
2015/12/22 00:00:00,37.939337,23.711658,87,98,33,79,0
2015/12/23 00:00:00,37.946014,23.684458,53,96,77,98,2
2015/12/24 00:00:00,37.953691,23.685969,86,64,13,82,13
2015/12/25 00:00:00,37.958722,23.700983,64,12,22,90,86
2015/12/26 00:00:00,37.940669,23.706160,58,13,95,5,62
2015/12/27 00:00:00,37.947671,23.703979,68,52,87,63,72
2015/12/28 00:00:00,37.940730,23.697116,3,9,9,52,84
2015/12/29 00:00:00,37.939199,23.691786,4,1,78,69,52
2015/12/30 00:00:00,37.939296,23.713010,64,47,99,94,79
2015/12/31 00:00:00,37.962015,23.698408,8,77,87,34,93
2016/01/01 00:00:00,37.962225,23.713678,13,28,85,24,90
2016/01/02 00:00:00,37.941797,23.699124,15,12,11,80,31
2016/01/03 00:00:00,37.964378,23.712905,27,64,8,3,4
2016/01/04 00:00:00,37.939012,23.683490,72,0,47,52,97
2016/01/05 00:00:00,37.940692,23.719922,87,89,75,35,83
2016/01/06 00:00:00,37.950039,23.683654,98,30,66,8,5
2016/01/07 00:00:00,37.960762,23.710528,33,7,75,89,62
2016/01/08 00:00:00,37.960721,23.689238,59,57,61,90,0
2016/01/09 00:00:00,37.964689,23.702480,18,24,76,71,77
2016/01/10 00:00:00,37.954507,23.718628,72,89,0,74,76
2016/01/11 00:00:00,37.948330,23.694520,3,54,64,65,89
2016/01/12 00:00:00,37.937531,23.715302,20,90,9,33,75
2016/01/13 00:00:00,37.959383,23.687490,24,23,91,81,48
2016/01/14 00:00:00,37.948034,23.702301,74,28,23,11,93
2016/01/15 00:00:00,37.955677,23.705288,0,20,69,22,72
2016/01/16 00:00:00,37.961490,23.698483,73,65,26,73,59
2016/01/17 00:00:00,37.956691,23.719352,42,98,78,23,80
2016/01/18 00:00:00,37.962001,23.698977,5,43,34,23,66
2016/01/19 00:00:00,37.963255,23.687997,78,64,40,7,26
2016/01/20 00:00:00,37.955458,23.693332,58,69,21,8,39
2016/01/21 00:00:00,37.950169,23.690142,6,38,31,51,68
2016/01/22 00:00:00,37.958902,23.698703,4,49,83,20,9
2016/01/23 00:00:00,37.951080,23.683650,23,54,26,22,16
2016/01/24 00:00:00,37.954375,23.688601,18,87,62,31,38
2016/01/25 00:00:00,37.946071,23.684222,74,9,65,2,14
2016/01/26 00:00:00,37.946371,23.694796,95,26,88,79,70
2016/01/27 00:00:00,37.941139,23.704320,79,48,47,0,4
2016/01/28 00:00:00,37.947124,23.709715,66,57,56,25,41
2016/01/29 00:00:00,37.948208,23.703857,23,72,25,8,55
2016/01/30 00:00:00,37.965306,23.705129,74,40,51,7,24
2016/01/31 00:00:00,37.944940,23.714812,78,99,38,67,82
2016/02/01 00:00:00,37.941129,23.707374,20,1,50,9,85
2016/02/02 00:00:00,37.957277,23.720564,22,61,92,72,81
2016/02/03 00:00:00,37.947452,23.706208,81,37,54,28,15
2016/02/04 00:00:00,37.949384,23.692524,35,94,83,0,71
2016/02/05 00:00:00,37.958545,23.713762,10,12,71,64,7
2016/02/06 00:00:00,37.952700,23.694271,52,91,9,19,10
2016/02/07 00:00:00,37.946877,23.718570,74,55,26,55,17
2016/02/08 00:00:00,37.946872,23.708244,34,90,71,4,78
2016/02/09 00:00:00,37.964691,23.689542,58,76,69,35,47
2016/02/10 00:00:00,37.939961,23.713938,58,36,85,52,39
2016/02/11 00:00:00,37.938560,23.683326,78,16,43,71,58
2016/02/12 00:00:00,37.947103,23.701495,28,67,48,25,48
2016/02/13 00:00:00,37.961361,23.697292,36,14,29,90,78
2016/02/14 00:00:00,37.954307,23.696947,23,58,29,42,96
2016/02/15 00:00:00,37.941174,23.698336,66,34,73,7,26
2016/02/16 00:00:00,37.954355,23.693422,88,37,37,59,79
2016/02/17 00:00:00,37.938835,23.706003,26,93,42,27,84
2016/02/18 00:00:00,37.939042,23.691736,27,80,30,37,74
2016/02/19 00:00:00,37.941324,23.683765,29,35,45,58,77
2016/02/20 00:00:00,37.961509,23.715136,37,77,50,28,14
2016/02/21 00:00:00,37.941844,23.719055,8,8,93,100,79
2016/02/22 00:00:00,37.955890,23.685364,19,42,40,44,40
2016/02/23 00:00:00,37.948052,23.685798,64,35,64,79,17
2016/02/24 00:00:00,37.956108,23.683975,7,22,42,6,16
2016/02/25 00:00:00,37.946976,23.687936,34,25,6,37,43
2016/02/26 00:00:00,37.963080,23.702829,5,41,73,12,61
2016/02/27 00:00:00,37.962198,23.709490,29,32,98,28,37
2016/02/28 00:00:00,37.955334,23.684136,60,100,65,60,11
2016/02/29 00:00:00,37.938899,23.714508,99,93,88,45,74
2016/03/01 00:00:00,37.942699,23.718604,77,50,10,55,71
2016/03/02 00:00:00,37.952732,23.688660,16,100,77,1,34
2016/03/03 00:00:00,37.947510,23.688282,90,6,2,81,98
2016/03/04 00:00:00,37.958603,23.710396,30,94,86,32,37
2016/03/05 00:00:00,37.958819,23.712269,55,77,80,17,6
2016/03/06 00:00:00,37.959925,23.704929,100,38,35,29,52
2016/03/07 00:00:00,37.959848,23.711553,38,57,84,58,98
2016/03/08 00:00:00,37.947885,23.701274,64,99,53,30,73
2016/03/09 00:00:00,37.952018,23.717449,12,36,37,99,61
2016/03/10 00:00:00,37.954417,23.713420,35,30,22,15,47
2016/03/11 00:00:00,37.948964,23.713354,79,90,27,78,76
2016/03/12 00:00:00,37.945564,23.688548,76,47,60,72,17
2016/03/13 00:00:00,37.959719,23.707164,69,87,57,67,5
2016/03/14 00:00:00,37.952002,23.707284,26,90,64,18,79
2016/03/15 00:00:00,37.946148,23.709047,57,88,15,97,89
2016/03/16 00:00:00,37.949493,23.713154,86,52,10,65,66
2016/03/17 00:00:00,37.939902,23.691905,21,3,30,98,6
2016/03/18 00:00:00,37.939783,23.710763,11,90,65,94,26
2016/03/19 00:00:00,37.946672,23.709558,91,70,81,64,75
2016/03/20 00:00:00,37.947655,23.690813,33,20,65,97,88
2016/03/21 00:00:00,37.954231,23.689952,77,67,7,13,62
2016/03/22 00:00:00,37.961481,23.701507,51,39,80,81,53
2016/03/23 00:00:00,37.943808,23.695445,44,47,94,85,90
2016/03/24 00:00:00,37.956121,23.684837,87,64,49,20,92
2016/03/25 00:00:00,37.961449,23.718922,48,47,53,29,21
2016/03/26 00:00:00,37.937206,23.698213,96,99,11,8,31
2016/03/27 00:00:00,37.956147,23.693247,81,58,92,87,67
2016/03/28 00:00:00,37.938127,23.704869,2,22,98,55,62
2016/03/29 00:00:00,37.963784,23.690231,40,20,76,98,34
2016/03/30 00:00:00,37.962645,23.714948,89,86,86,55,84
2016/03/31 00:00:00,37.950282,23.699279,79,38,33,24,69
2016/04/01 00:00:00,37.961769,23.717194,32,70,11,60,95
2016/04/02 00:00:00,37.938004,23.692822,64,73,16,93,56
2016/04/03 00:00:00,37.955613,23.687853,26,68,50,100,41
2016/04/04 00:00:00,37.950030,23.710453,67,92,88,55,2
2016/04/05 00:00:00,37.939798,23.712353,34,66,96,11,33
2016/04/06 00:00:00,37.949420,23.694773,62,22,80,82,99
2016/04/07 00:00:00,37.956270,23.707592,60,50,32,53,74
2016/04/08 00:00:00,37.953441,23.700286,93,100,28,100,50
2016/04/09 00:00:00,37.957057,23.700092,2,25,21,78,0
2016/04/10 00:00:00,37.959369,23.702865,65,66,28,12,7
2016/04/11 00:00:00,37.939064,23.707767,77,63,86,3,47
2016/04/12 00:00:00,37.957026,23.700303,46,11,16,85,43
2016/04/13 00:00:00,37.944585,23.684174,28,15,60,13,24
2016/04/14 00:00:00,37.944143,23.703461,9,20,3,2,20
2016/04/15 00:00:00,37.956012,23.696224,66,67,85,80,17
2016/04/16 00:00:00,37.942260,23.707538,87,4,83,57,27
2016/04/17 00:00:00,37.937771,23.686901,87,80,42,94,30
2016/04/18 00:00:00,37.961111,23.702269,81,97,27,42,87
2016/04/19 00:00:00,37.959531,23.709644,1,68,77,92,83
2016/04/20 00:00:00,37.948380,23.692939,45,73,35,28,64
2016/04/21 00:00:00,37.954938,23.684179,83,49,63,50,33
2016/04/22 00:00:00,37.938239,23.696418,97,0,86,95,50
2016/04/23 00:00:00,37.959828,23.714039,30,36,48,49,48
2016/04/24 00:00:00,37.952434,23.717707,37,80,54,58,52
2016/04/25 00:00:00,37.939131,23.708069,39,91,21,12,28
2016/04/26 00:00:00,37.946369,23.683221,54,58,83,56,77
2016/04/27 00:00:00,37.937339,23.707830,15,41,47,7,59
2016/04/28 00:00:00,37.962829,23.694503,16,52,50,47,80
2016/04/29 00:00:00,37.950374,23.686314,16,72,91,91,25
2016/04/30 00:00:00,37.939211,23.714998,13,17,29,19,83
2016/05/01 00:00:00,37.963841,23.698474,63,52,99,19,41
2016/05/02 00:00:00,37.937882,23.686039,35,77,34,23,77
2016/05/03 00:00:00,37.961483,23.715336,22,13,33,21,47
2016/05/04 00:00:00,37.961922,23.712245,80,1,56,63,33
2016/05/05 00:00:00,37.962603,23.698882,39,57,93,87,81
2016/05/06 00:00:00,37.962180,23.702649,36,56,26,65,57
2016/05/07 00:00:00,37.950092,23.692922,70,98,87,43,64
2016/05/08 00:00:00,37.959924,23.697540,28,44,31,30,14
2016/05/09 00:00:00,37.950219,23.702047,63,31,7,15,88
2016/05/10 00:00:00,37.938462,23.692813,34,24,100,82,35
2016/05/11 00:00:00,37.958650,23.693727,58,88,36,64,13
2016/05/12 00:00:00,37.943357,23.684559,70,91,30,73,38
2016/05/13 00:00:00,37.959992,23.711435,17,72,11,55,43
2016/05/14 00:00:00,37.949140,23.720866,33,75,66,86,92
2016/05/15 00:00:00,37.937364,23.688905,96,68,58,9,74
2016/05/16 00:00:00,37.959669,23.700468,12,80,43,3,66
2016/05/17 00:00:00,37.943970,23.687597,57,64,25,58,97
2016/05/18 00:00:00,37.957039,23.711964,88,33,50,2,22
2016/05/19 00:00:00,37.941723,23.687236,93,16,53,35,36
2016/05/20 00:00:00,37.961410,23.719682,19,50,17,51,21
2016/05/21 00:00:00,37.938042,23.699692,13,73,65,22,19
2016/05/22 00:00:00,37.940106,23.717863,16,5,24,9,97
2016/05/23 00:00:00,37.963190,23.690780,53,42,32,69,27
2016/05/24 00:00:00,37.946875,23.698625,42,9,60,36,56
2016/05/25 00:00:00,37.958098,23.707729,13,19,27,89,47
2016/05/26 00:00:00,37.960367,23.715459,41,5,6,79,100
2016/05/27 00:00:00,37.947036,23.683957,0,1,92,5,53
2016/05/28 00:00:00,37.949030,23.694879,19,66,17,75,92
2016/05/29 00:00:00,37.944103,23.704809,12,37,79,83,2
2016/05/30 00:00:00,37.952982,23.695212,43,87,69,62,22
2016/05/31 00:00:00,37.942363,23.685519,86,50,8,87,1
2016/06/01 00:00:00,37.947814,23.704589,77,97,18,13,34
2016/06/02 00:00:00,37.944124,23.720112,4,82,46,36,5
2016/06/03 00:00:00,37.960671,23.715566,89,80,80,77,3
2016/06/04 00:00:00,37.939573,23.718801,1,60,69,26,77
2016/06/05 00:00:00,37.959265,23.720603,69,1,70,10,79
2016/06/06 00:00:00,37.957995,23.710426,20,74,4,37,5
2016/06/07 00:00:00,37.955756,23.698363,92,65,2,57,72
2016/06/08 00:00:00,37.957777,23.698943,70,74,46,68,92
2016/06/09 00:00:00,37.946993,23.718515,21,38,62,82,68
2016/06/10 00:00:00,37.958029,23.685527,60,99,0,17,15
2016/06/11 00:00:00,37.945334,23.717384,21,16,54,80,29
2016/06/12 00:00:00,37.955409,23.696254,83,69,4,35,86
2016/06/13 00:00:00,37.939264,23.714751,89,7,79,94,10
2016/06/14 00:00:00,37.957548,23.697748,77,39,10,71,55
2016/06/15 00:00:00,37.950368,23.691016,65,66,75,36,25
2016/06/16 00:00:00,37.937055,23.714751,19,56,15,13,36
2016/06/17 00:00:00,37.940657,23.711700,11,53,57,65,99
2016/06/18 00:00:00,37.950111,23.697185,80,7,47,19,5
2016/06/19 00:00:00,37.958471,23.692557,25,41,31,78,44
2016/06/20 00:00:00,37.953042,23.713380,89,13,74,1,45
2016/06/21 00:00:00,37.948651,23.715286,8,50,80,50,98
2016/06/22 00:00:00,37.945478,23.713034,100,28,34,83,70
2016/06/23 00:00:00,37.961788,23.713908,38,97,54,66,28
2016/06/24 00:00:00,37.947698,23.714631,56,24,92,49,52
2016/06/25 00:00:00,37.942624,23.706796,30,18,96,40,78
2016/06/26 00:00:00,37.943412,23.687065,11,3,1,91,42
2016/06/27 00:00:00,37.948770,23.686486,38,46,96,56,66
2016/06/28 00:00:00,37.955096,23.693676,11,42,59,8,60
2016/06/29 00:00:00,37.965571,23.702969,39,2,94,38,68
2016/06/30 00:00:00,37.947045,23.714499,65,44,36,70,47
2016/07/01 00:00:00,37.962029,23.704209,79,86,75,29,42
2016/07/02 00:00:00,37.951438,23.695364,80,29,80,5,36
2016/07/03 00:00:00,37.942159,23.694770,51,88,50,83,43
2016/07/04 00:00:00,37.940132,23.712727,31,23,62,44,92
2016/07/05 00:00:00,37.948240,23.686352,72,35,16,28,24
2016/07/06 00:00:00,37.942134,23.688865,56,91,53,8,85
2016/07/07 00:00:00,37.953026,23.693397,6,87,47,35,83
2016/07/08 00:00:00,37.962556,23.718553,72,39,75,17,74
2016/07/09 00:00:00,37.957229,23.704700,86,62,88,64,44
2016/07/10 00:00:00,37.949965,23.691166,87,55,79,24,11
2016/07/11 00:00:00,37.964238,23.687052,15,54,70,5,51
2016/07/12 00:00:00,37.954764,23.695791,98,25,7,15,23
2016/07/13 00:00:00,37.964520,23.703554,87,71,53,83,22
2016/07/14 00:00:00,37.938941,23.688537,96,9,50,4,11
2016/07/15 00:00:00,37.949297,23.715968,61,84,47,49,57
2016/07/16 00:00:00,37.937504,23.703972,80,13,21,53,93
2016/07/17 00:00:00,37.955178,23.687991,15,22,6,91,39
2016/07/18 00:00:00,37.959797,23.699915,42,79,52,50,68
2016/07/19 00:00:00,37.941759,23.705664,30,16,64,57,37
2016/07/20 00:00:00,37.949757,23.704680,32,0,47,59,70
2016/07/21 00:00:00,37.964443,23.704691,46,68,64,67,66
2016/07/22 00:00:00,37.959071,23.702782,35,5,63,14,73
2016/07/23 00:00:00,37.957602,23.708907,62,60,27,24,59
2016/07/24 00:00:00,37.955035,23.714239,3,57,67,95,49
2016/07/25 00:00:00,37.953768,23.690479,53,83,48,73,5
2016/07/26 00:00:00,37.956147,23.696078,55,86,38,16,48
2016/07/27 00:00:00,37.948078,23.704752,58,55,96,54,14
2016/07/28 00:00:00,37.941483,23.684500,100,100,43,43,55
2016/07/29 00:00:00,37.944825,23.712011,15,78,18,89,66
2016/07/30 00:00:00,37.950480,23.696512,31,53,7,91,63
2016/07/31 00:00:00,37.937341,23.715107,69,23,62,40,42
2016/08/01 00:00:00,37.956917,23.720430,91,33,69,69,75
2016/08/02 00:00:00,37.938171,23.702929,70,66,8,1,25
2016/08/03 00:00:00,37.964753,23.695864,8,15,27,18,1
2016/08/04 00:00:00,37.947306,23.714764,86,79,3,52,82
2016/08/05 00:00:00,37.938934,23.702483,21,72,72,33,99
2016/08/06 00:00:00,37.965441,23.717633,83,22,91,11,79
2016/08/07 00:00:00,37.944127,23.702839,44,96,48,53,3
2016/08/08 00:00:00,37.954211,23.716938,85,66,11,94,3
2016/08/09 00:00:00,37.955210,23.690811,13,5,51,97,24
2016/08/10 00:00:00,37.945796,23.704257,71,80,55,85,82
2016/08/11 00:00:00,37.961871,23.715954,70,57,81,23,37
2016/08/12 00:00:00,37.945910,23.717821,96,84,80,26,79
2016/08/13 00:00:00,37.939967,23.710337,70,31,67,1,80
2016/08/14 00:00:00,37.956318,23.691212,23,23,35,70,80
2016/08/15 00:00:00,37.954632,23.709339,71,61,62,60,8
2016/08/16 00:00:00,37.940059,23.709084,92,51,48,6,85
2016/08/17 00:00:00,37.940232,23.689937,94,8,54,41,67
2016/08/18 00:00:00,37.954065,23.684379,3,66,100,78,2
2016/08/19 00:00:00,37.957350,23.720467,12,95,14,12,85
2016/08/20 00:00:00,37.945716,23.686158,76,86,40,58,69
2016/08/21 00:00:00,37.941674,23.686578,73,96,18,11,72
2016/08/22 00:00:00,37.942624,23.684370,38,15,9,62,80
2016/08/23 00:00:00,37.941304,23.686363,35,50,85,16,74
2016/08/24 00:00:00,37.949948,23.688912,79,53,15,58,85
2016/08/25 00:00:00,37.943471,23.693540,98,46,21,17,95
2016/08/26 00:00:00,37.960374,23.700509,72,72,16,56,52
2016/08/27 00:00:00,37.961883,23.708147,37,94,18,80,84
2016/08/28 00:00:00,37.952928,23.695146,32,39,10,59,46
2016/08/29 00:00:00,37.937187,23.718158,11,82,33,96,65
2016/08/30 00:00:00,37.963855,23.709615,27,7,27,4,84
2016/08/31 00:00:00,37.960691,23.688783,97,82,95,36,90
2016/09/01 00:00:00,37.959327,23.683491,76,63,56,84,12
2016/09/02 00:00:00,37.941204,23.689498,83,82,61,78,71
2016/09/03 00:00:00,37.951881,23.709932,66,21,65,69,89
2016/09/04 00:00:00,37.962249,23.686814,6,15,73,5,80
2016/09/05 00:00:00,37.943238,23.720573,72,62,88,45,98
2016/09/06 00:00:00,37.963114,23.685789,16,86,96,97,97
2016/09/07 00:00:00,37.962296,23.715455,91,28,91,81,17
2016/09/08 00:00:00,37.941602,23.685881,77,80,9,63,81
2016/09/09 00:00:00,37.955333,23.691902,19,94,48,92,79
2016/09/10 00:00:00,37.964743,23.720234,76,23,43,37,29
2016/09/11 00:00:00,37.945242,23.690972,60,0,66,23,2
2016/09/12 00:00:00,37.943126,23.696784,21,28,37,73,32
2016/09/13 00:00:00,37.938356,23.720209,22,84,68,59,86
2016/09/14 00:00:00,37.946233,23.711795,100,94,53,43,63
2016/09/15 00:00:00,37.950745,23.707088,47,67,100,28,42
2016/09/16 00:00:00,37.956993,23.701344,69,72,42,77,25
2016/09/17 00:00:00,37.942342,23.690048,79,71,44,56,32
2016/09/18 00:00:00,37.961669,23.703634,88,88,28,8,96
2016/09/19 00:00:00,37.950980,23.708559,25,94,30,65,7
2016/09/20 00:00:00,37.944921,23.689750,19,98,27,86,66
2016/09/21 00:00:00,37.946656,23.710068,8,21,83,73,70
2016/09/22 00:00:00,37.937102,23.684436,13,84,89,52,3
2016/09/23 00:00:00,37.951390,23.706824,1,24,93,61,34
2016/09/24 00:00:00,37.943353,23.693848,27,40,36,66,22
2016/09/25 00:00:00,37.960347,23.715696,89,2,67,96,57
2016/09/26 00:00:00,37.959126,23.693588,84,86,95,58,12
2016/09/27 00:00:00,37.965144,23.710794,67,96,41,56,46
2016/09/28 00:00:00,37.940574,23.717320,17,93,99,24,61
2016/09/29 00:00:00,37.964644,23.702621,85,74,39,48,17
2016/09/30 00:00:00,37.940844,23.695914,21,64,68,72,66
2016/10/01 00:00:00,37.947825,23.696214,68,20,63,6,31
2016/10/02 00:00:00,37.938249,23.714125,19,41,61,81,95
2016/10/03 00:00:00,37.964855,23.686062,5,20,73,53,97
2016/10/04 00:00:00,37.955692,23.698123,54,69,7,70,61
2016/10/05 00:00:00,37.961869,23.690761,58,82,4,90,65
2016/10/06 00:00:00,37.938560,23.698181,15,82,82,41,74
2016/10/07 00:00:00,37.956312,23.713841,6,55,41,58,98
2016/10/08 00:00:00,37.964992,23.705770,89,57,93,70,59
2016/10/09 00:00:00,37.960328,23.700673,74,41,15,17,100
2016/10/10 00:00:00,37.939750,23.699593,74,68,46,65,76
2016/10/11 00:00:00,37.959783,23.713878,17,26,70,76,39
2016/10/12 00:00:00,37.960637,23.697943,82,4,48,78,55
2016/10/13 00:00:00,37.959392,23.686425,89,77,78,81,9
2016/10/14 00:00:00,37.945018,23.719369,99,62,39,55,22
2016/10/15 00:00:00,37.950762,23.714555,9,53,89,30,3
2016/10/16 00:00:00,37.944183,23.690666,84,46,89,60,15
2016/10/17 00:00:00,37.943881,23.688700,72,19,6,28,84
2016/10/18 00:00:00,37.937591,23.697062,28,27,69,76,34
2016/10/19 00:00:00,37.964971,23.701346,98,94,75,97,77
2016/10/20 00:00:00,37.938160,23.713937,40,74,96,70,38
2016/10/21 00:00:00,37.955324,23.707382,12,85,22,95,89
2016/10/22 00:00:00,37.956630,23.698674,70,49,86,1,80
2016/10/23 00:00:00,37.949226,23.703656,10,4,62,5,14
2016/10/24 00:00:00,37.950963,23.715697,67,19,34,55,21
2016/10/25 00:00:00,37.965125,23.690100,86,97,90,36,9
2016/10/26 00:00:00,37.962778,23.719601,75,100,11,40,70
2016/10/27 00:00:00,37.939200,23.718337,9,63,29,19,44
2016/10/28 00:00:00,37.963357,23.690324,20,27,25,50,70
2016/10/29 00:00:00,37.961202,23.695709,80,76,35,55,93
2016/10/30 00:00:00,37.952247,23.685575,69,61,63,69,14
2016/10/31 00:00:00,37.937549,23.699258,98,75,11,82,46
2016/11/01 00:00:00,37.952352,23.703862,75,92,16,3,36
2016/11/02 00:00:00,37.957729,23.686511,38,70,69,26,10
2016/11/03 00:00:00,37.937718,23.694817,49,6,23,64,46
2016/11/04 00:00:00,37.941049,23.719115,34,66,61,0,60
2016/11/05 00:00:00,37.960445,23.695526,100,91,33,3,62
2016/11/06 00:00:00,37.947045,23.716829,13,39,0,95,46
2016/11/07 00:00:00,37.958714,23.716343,42,21,34,78,92
2016/11/08 00:00:00,37.962238,23.685224,70,75,87,9,78
2016/11/09 00:00:00,37.942423,23.717764,28,96,66,79,17
2016/11/10 00:00:00,37.950117,23.694859,49,58,26,17,70
2016/11/11 00:00:00,37.937629,23.691971,74,96,52,18,55
2016/11/12 00:00:00,37.941662,23.696947,81,97,4,76,34
2016/11/13 00:00:00,37.963257,23.708052,64,87,75,43,2
2016/11/14 00:00:00,37.951179,23.719234,85,99,42,1,96
2016/11/15 00:00:00,37.944907,23.699468,80,20,85,83,5
2016/11/16 00:00:00,37.948895,23.714349,11,38,11,42,58
2016/11/17 00:00:00,37.955663,23.686093,0,22,23,56,56
2016/11/18 00:00:00,37.956772,23.683631,100,35,100,84,73
2016/11/19 00:00:00,37.939500,23.709363,96,29,86,64,44
2016/11/20 00:00:00,37.954463,23.712105,33,91,15,91,7
2016/11/21 00:00:00,37.944619,23.718000,92,61,3,90,60
2016/11/22 00:00:00,37.950505,23.693851,75,30,100,15,73
2016/11/23 00:00:00,37.939397,23.712550,36,8,90,61,82
2016/11/24 00:00:00,37.956179,23.700385,61,37,96,0,100
2016/11/25 00:00:00,37.951238,23.717818,75,61,38,3,27
2016/11/26 00:00:00,37.959207,23.712728,50,90,28,11,19
2016/11/27 00:00:00,37.942864,23.705565,47,98,67,76,3
2016/11/28 00:00:00,37.962659,23.718708,15,31,10,66,78
2016/11/29 00:00:00,37.939520,23.718089,22,68,46,64,83
2016/11/30 00:00:00,37.946037,23.708288,50,50,17,43,50
2016/12/01 00:00:00,37.942459,23.693730,4,58,51,48,0
2016/12/02 00:00:00,37.944919,23.705576,16,35,58,45,50
2016/12/03 00:00:00,37.965770,23.709413,20,10,14,45,32
2016/12/04 00:00:00,37.939987,23.703572,73,28,98,45,98
2016/12/05 00:00:00,37.950378,23.691664,45,45,11,5,62
2016/12/06 00:00:00,37.945429,23.696508,36,55,1,65,80
2016/12/07 00:00:00,37.940521,23.718602,32,88,66,16,77
2016/12/08 00:00:00,37.939710,23.687694,4,88,81,6,43
2016/12/09 00:00:00,37.943557,23.685408,8,14,20,79,85
2016/12/10 00:00:00,37.944667,23.714255,79,64,17,52,4
2016/12/11 00:00:00,37.951642,23.690581,50,20,59,92,11
2016/12/12 00:00:00,37.949670,23.702467,26,26,32,92,82
2016/12/13 00:00:00,37.953499,23.699583,53,91,53,90,13
2016/12/14 00:00:00,37.948630,23.712775,77,91,7,27,36
2016/12/15 00:00:00,37.962928,23.696372,50,88,21,53,61
2016/12/16 00:00:00,37.938167,23.684830,5,11,58,83,99
2016/12/17 00:00:00,37.954069,23.706474,90,22,42,78,94
2016/12/18 00:00:00,37.943972,23.708910,26,97,31,83,76
2016/12/19 00:00:00,37.947419,23.692635,85,67,72,84,45
2016/12/20 00:00:00,37.955554,23.707832,68,43,18,26,69
2016/12/21 00:00:00,37.965565,23.714634,63,7,73,97,51
2016/12/22 00:00:00,37.941797,23.685452,32,0,63,50,77
2016/12/23 00:00:00,37.948349,23.694555,14,20,38,43,59
2016/12/24 00:00:00,37.964362,23.698418,14,69,20,34,1
2016/12/25 00:00:00,37.950002,23.704012,54,87,25,81,57
2016/12/26 00:00:00,37.943269,23.694344,92,17,34,45,70
2016/12/27 00:00:00,37.939945,23.683675,58,72,56,78,77
2016/12/28 00:00:00,37.961482,23.694940,55,52,0,20,18
2016/12/29 00:00:00,37.963535,23.716987,6,74,100,84,5
2016/12/30 00:00:00,37.952148,23.720684,88,59,84,4,28
2016/12/31 00:00:00,37.964917,23.718708,12,12,98,93,56
2017/01/01 00:00:00,37.942484,23.686321,43,48,14,70,60
2017/01/02 00:00:00,37.954524,23.685797,84,41,3,39,40
2017/01/03 00:00:00,37.937287,23.695037,68,45,61,85,71
2017/01/04 00:00:00,37.953052,23.695265,63,11,68,72,94
2017/01/05 00:00:00,37.944295,23.700999,82,72,8,8,28
2017/01/06 00:00:00,37.944167,23.702364,38,89,82,36,79
2017/01/07 00:00:00,37.947546,23.684830,29,79,69,8,36
2017/01/08 00:00:00,37.941050,23.705607,79,37,43,19,87
2017/01/09 00:00:00,37.959789,23.720857,62,94,71,81,75
2017/01/10 00:00:00,37.955336,23.686552,31,23,9,35,82
2017/01/11 00:00:00,37.947213,23.717605,23,96,33,56,95
2017/01/12 00:00:00,37.957595,23.704326,35,6,84,37,81
2017/01/13 00:00:00,37.955182,23.704407,29,15,40,10,30
2017/01/14 00:00:00,37.938652,23.719659,3,58,78,77,17
2017/01/15 00:00:00,37.943277,23.693255,65,25,60,99,20
2017/01/16 00:00:00,37.957978,23.691392,68,79,39,96,74
2017/01/17 00:00:00,37.961873,23.715635,45,29,77,70,6
2017/01/18 00:00:00,37.939100,23.703482,99,70,76,26,98
2017/01/19 00:00:00,37.937242,23.711811,8,73,60,23,61
2017/01/20 00:00:00,37.945480,23.691054,48,77,24,96,80
2017/01/21 00:00:00,37.944226,23.711599,0,74,35,32,78
2017/01/22 00:00:00,37.946421,23.687476,62,27,67,29,71
2017/01/23 00:00:00,37.960043,23.697521,34,44,37,35,66
2017/01/24 00:00:00,37.963964,23.708543,29,6,79,32,47
2017/01/25 00:00:00,37.937753,23.695517,51,98,8,100,76
2017/01/26 00:00:00,37.948897,23.687316,45,30,50,63,92
2017/01/27 00:00:00,37.940356,23.710125,39,50,30,37,70
2017/01/28 00:00:00,37.947212,23.713177,6,15,46,90,32
2017/01/29 00:00:00,37.946418,23.699749,0,18,16,72,92
2017/01/30 00:00:00,37.937346,23.693128,71,46,16,12,97
2017/01/31 00:00:00,37.960833,23.698706,87,41,84,17,73
2017/02/01 00:00:00,37.955570,23.697599,4,79,39,100,64
2017/02/02 00:00:00,37.940718,23.700137,98,83,55,36,77
2017/02/03 00:00:00,37.941750,23.689592,29,61,89,35,52
2017/02/04 00:00:00,37.939932,23.719329,72,37,33,84,57
2017/02/05 00:00:00,37.955061,23.708735,13,21,46,54,85
2017/02/06 00:00:00,37.939224,23.689039,81,74,7,80,99
2017/02/07 00:00:00,37.958480,23.711907,26,8,3,82,1
2017/02/08 00:00:00,37.937555,23.703369,55,47,87,97,37
2017/02/09 00:00:00,37.944274,23.683767,45,44,51,16,92
2017/02/10 00:00:00,37.946275,23.691642,34,2,15,27,96
2017/02/11 00:00:00,37.953355,23.701874,29,89,60,87,62
2017/02/12 00:00:00,37.947351,23.710112,70,57,5,1,2
2017/02/13 00:00:00,37.949948,23.714293,40,4,41,24,3
2017/02/14 00:00:00,37.941730,23.716732,70,59,82,59,60
2017/02/15 00:00:00,37.958427,23.685736,17,14,25,2,58
2017/02/16 00:00:00,37.964895,23.714263,9,64,61,18,1
2017/02/17 00:00:00,37.964815,23.716872,41,71,100,14,28
2017/02/18 00:00:00,37.964378,23.702137,52,93,61,86,41
2017/02/19 00:00:00,37.944289,23.713716,50,85,82,95,20
2017/02/20 00:00:00,37.937256,23.702935,33,63,73,12,47
2017/02/21 00:00:00,37.960331,23.699051,29,98,43,9,36
2017/02/22 00:00:00,37.957696,23.689440,19,23,3,67,60
2017/02/23 00:00:00,37.940105,23.687724,97,92,55,6,87
2017/02/24 00:00:00,37.949629,23.704207,78,35,22,33,44
2017/02/25 00:00:00,37.939624,23.719297,53,31,12,84,76
2017/02/26 00:00:00,37.958134,23.712716,74,84,96,1,69
2017/02/27 00:00:00,37.955171,23.694647,12,68,46,5,18
2017/02/28 00:00:00,37.942808,23.694300,5,15,94,71,82
2017/03/01 00:00:00,37.952611,23.692859,5,53,90,44,33
2017/03/02 00:00:00,37.943893,23.718534,22,96,28,96,20
2017/03/03 00:00:00,37.943876,23.717670,43,9,74,40,67
2017/03/04 00:00:00,37.951280,23.684440,24,47,73,71,2
2017/03/05 00:00:00,37.961142,23.719866,95,65,94,46,2
2017/03/06 00:00:00,37.937563,23.709437,89,58,29,53,40
2017/03/07 00:00:00,37.965573,23.705143,93,60,58,73,16
2017/03/08 00:00:00,37.960455,23.715840,55,57,9,52,46
2017/03/09 00:00:00,37.962809,23.720215,0,39,74,23,88
2017/03/10 00:00:00,37.947895,23.692976,33,55,38,11,9
2017/03/11 00:00:00,37.964907,23.719516,16,29,49,43,14
2017/03/12 00:00:00,37.946999,23.699765,87,2,36,49,42
2017/03/13 00:00:00,37.958765,23.715835,10,94,2,35,75
2017/03/14 00:00:00,37.952547,23.693445,52,15,39,3,40
2017/03/15 00:00:00,37.950593,23.709508,35,78,79,47,44
2017/03/16 00:00:00,37.962032,23.696636,62,50,88,39,97
2017/03/17 00:00:00,37.943105,23.691493,44,53,78,4,18
2017/03/18 00:00:00,37.948383,23.712390,79,52,77,15,41
2017/03/19 00:00:00,37.961079,23.706008,34,49,66,40,64
2017/03/20 00:00:00,37.938486,23.720643,7,60,64,10,72
2017/03/21 00:00:00,37.961809,23.692841,69,73,52,70,21
2017/03/22 00:00:00,37.964886,23.719195,54,85,53,80,15
2017/03/23 00:00:00,37.948026,23.685920,36,84,54,1,81
2017/03/24 00:00:00,37.952757,23.718472,90,62,66,9,19
2017/03/25 00:00:00,37.951805,23.703115,35,4,25,55,42
2017/03/26 00:00:00,37.952431,23.713279,57,96,79,15,13
2017/03/27 00:00:00,37.940974,23.719166,81,1,58,45,45
2017/03/28 00:00:00,37.963401,23.684896,65,1,47,70,42
2017/03/29 00:00:00,37.947687,23.713202,82,21,98,41,69
2017/03/30 00:00:00,37.951701,23.689518,13,9,76,69,87
2017/03/31 00:00:00,37.945815,23.683096,14,2,3,16,56
2017/04/01 00:00:00,37.945667,23.708505,94,29,27,67,82
2017/04/02 00:00:00,37.945901,23.712561,80,54,70,87,11
2017/04/03 00:00:00,37.960581,23.705263,43,83,38,40,48
2017/04/04 00:00:00,37.956856,23.696342,84,53,93,82,45
2017/04/05 00:00:00,37.944045,23.690827,95,5,51,8,83
2017/04/06 00:00:00,37.944431,23.718400,40,24,90,76,95
2017/04/07 00:00:00,37.957275,23.695779,3,50,13,94,43
2017/04/08 00:00:00,37.960647,23.707937,55,12,4,57,47
2017/04/09 00:00:00,37.961116,23.704982,39,17,88,68,30
2017/04/10 00:00:00,37.944619,23.684336,9,64,19,57,48
2017/04/11 00:00:00,37.942276,23.716740,58,40,50,75,13
2017/04/12 00:00:00,37.942611,23.693930,67,61,6,82,98
2017/04/13 00:00:00,37.952847,23.697046,49,99,56,51,49
2017/04/14 00:00:00,37.963692,23.716571,32,71,82,65,1
2017/04/15 00:00:00,37.938422,23.684838,100,50,26,80,4
2017/04/16 00:00:00,37.943612,23.707264,25,34,41,72,73
2017/04/17 00:00:00,37.948264,23.700242,6,91,47,28,20
2017/04/18 00:00:00,37.953618,23.688794,75,13,52,17,73
2017/04/19 00:00:00,37.960355,23.684693,61,58,87,73,79
2017/04/20 00:00:00,37.953389,23.712120,5,19,27,73,75
2017/04/21 00:00:00,37.957547,23.685052,9,23,14,32,70
2017/04/22 00:00:00,37.962991,23.715354,7,12,6,68,72
2017/04/23 00:00:00,37.947576,23.704209,3,22,51,63,18
2017/04/24 00:00:00,37.937241,23.706086,64,88,2,42,33
2017/04/25 00:00:00,37.953648,23.719625,7,29,46,84,13
2017/04/26 00:00:00,37.959094,23.699192,41,32,89,14,6
2017/04/27 00:00:00,37.941672,23.700022,1,96,4,7,36
2017/04/28 00:00:00,37.949666,23.705334,83,90,15,97,33
2017/04/29 00:00:00,37.948455,23.705768,61,79,75,4,26
2017/04/30 00:00:00,37.941607,23.718951,4,35,50,71,28
2017/05/01 00:00:00,37.942011,23.702558,57,93,76,25,25
2017/05/02 00:00:00,37.947522,23.713517,20,59,69,70,76
2017/05/03 00:00:00,37.940991,23.695999,98,86,66,17,91
2017/05/04 00:00:00,37.958327,23.695153,66,97,63,81,56
2017/05/05 00:00:00,37.953118,23.709720,7,76,66,12,29
2017/05/06 00:00:00,37.962019,23.711348,11,83,51,5,91
2017/05/07 00:00:00,37.962779,23.683653,68,82,8,90,95
2017/05/08 00:00:00,37.953805,23.698124,47,89,4,43,13
2017/05/09 00:00:00,37.948228,23.717726,67,34,11,21,3
2017/05/10 00:00:00,37.963118,23.692595,68,10,5,21,82
2017/05/11 00:00:00,37.942905,23.694496,35,96,61,25,33
2017/05/12 00:00:00,37.963241,23.712174,25,38,53,69,70
2017/05/13 00:00:00,37.957161,23.710792,51,70,100,11,53
2017/05/14 00:00:00,37.946719,23.718359,4,85,50,33,92
2017/05/15 00:00:00,37.956612,23.699036,0,78,20,25,10
2017/05/16 00:00:00,37.965178,23.702024,92,84,46,87,83
2017/05/17 00:00:00,37.947720,23.707220,66,34,25,18,19
2017/05/18 00:00:00,37.960646,23.695117,50,62,36,31,59
2017/05/19 00:00:00,37.939102,23.715123,25,15,100,36,38
2017/05/20 00:00:00,37.958996,23.690512,3,58,10,51,57
2017/05/21 00:00:00,37.950614,23.699275,4,76,82,45,24
2017/05/22 00:00:00,37.943688,23.701645,66,27,83,96,80
2017/05/23 00:00:00,37.938663,23.697531,8,78,40,68,100
2017/05/24 00:00:00,37.947782,23.685388,99,11,79,66,70
2017/05/25 00:00:00,37.941281,23.705985,100,28,18,68,98
2017/05/26 00:00:00,37.942082,23.687642,11,67,66,21,31
2017/05/27 00:00:00,37.945298,23.694404,82,16,86,39,95
2017/05/28 00:00:00,37.955041,23.718743,36,58,39,37,21
2017/05/29 00:00:00,37.942082,23.694174,63,57,58,84,10
2017/05/30 00:00:00,37.965554,23.687103,38,70,16,86,84
2017/05/31 00:00:00,37.953756,23.713150,51,58,50,68,14
2017/06/01 00:00:00,37.954618,23.717354,100,37,85,16,91
2017/06/02 00:00:00,37.940888,23.686851,0,28,12,20,6
2017/06/03 00:00:00,37.958814,23.716902,59,96,77,26,18
2017/06/04 00:00:00,37.959518,23.717187,87,21,21,11,27
2017/06/05 00:00:00,37.964894,23.716396,47,64,92,26,17
2017/06/06 00:00:00,37.938191,23.690428,22,4,1,48,27
2017/06/07 00:00:00,37.957873,23.699760,89,59,16,9,53
2017/06/08 00:00:00,37.959845,23.714766,54,21,4,83,86
2017/06/09 00:00:00,37.964342,23.687351,33,16,71,10,63
2017/06/10 00:00:00,37.959494,23.719018,70,18,82,73,0
2017/06/11 00:00:00,37.958043,23.694924,23,32,75,92,65
2017/06/12 00:00:00,37.946696,23.715374,15,67,58,97,6
2017/06/13 00:00:00,37.951574,23.702118,23,42,38,10,24
2017/06/14 00:00:00,37.943931,23.706872,1,2,57,31,35
2017/06/15 00:00:00,37.964660,23.690098,49,79,100,64,81
2017/06/16 00:00:00,37.965150,23.707634,70,76,53,46,60
2017/06/17 00:00:00,37.949099,23.702039,76,3,91,100,59
2017/06/18 00:00:00,37.949193,23.719242,92,71,20,18,58
2017/06/19 00:00:00,37.938443,23.709039,4,78,71,94,34
2017/06/20 00:00:00,37.964490,23.705965,41,29,28,14,12
2017/06/21 00:00:00,37.962256,23.705717,48,92,13,25,37
2017/06/22 00:00:00,37.948745,23.684724,23,65,23,61,21
2017/06/23 00:00:00,37.951332,23.720690,86,10,9,31,47
2017/06/24 00:00:00,37.939506,23.720572,98,47,83,6,91
2017/06/25 00:00:00,37.957064,23.701527,47,69,69,45,49
2017/06/26 00:00:00,37.949334,23.697055,84,35,100,42,36
2017/06/27 00:00:00,37.948387,23.715433,19,83,94,42,22
2017/06/28 00:00:00,37.949560,23.716344,23,2,86,45,97
2017/06/29 00:00:00,37.938716,23.705789,41,49,44,31,1
2017/06/30 00:00:00,37.957462,23.685564,63,38,64,3,86
2017/07/01 00:00:00,37.948055,23.705179,63,95,75,90,90
2017/07/02 00:00:00,37.959913,23.706773,69,80,92,6,56
2017/07/03 00:00:00,37.957806,23.697638,65,91,35,65,70
2017/07/04 00:00:00,37.944321,23.713668,4,50,22,52,20
2017/07/05 00:00:00,37.939694,23.711782,96,43,61,96,30
2017/07/06 00:00:00,37.949238,23.718464,77,51,34,84,53
2017/07/07 00:00:00,37.937424,23.690715,29,48,62,3,58
2017/07/08 00:00:00,37.960787,23.697831,64,44,30,54,52
2017/07/09 00:00:00,37.961478,23.685163,1,82,48,33,64
2017/07/10 00:00:00,37.952314,23.691527,65,82,42,37,41
2017/07/11 00:00:00,37.947851,23.700916,72,44,70,77,90
2017/07/12 00:00:00,37.942085,23.687877,32,27,87,18,67
2017/07/13 00:00:00,37.964262,23.701498,53,84,33,59,33
2017/07/14 00:00:00,37.954194,23.720563,25,65,85,98,80
2017/07/15 00:00:00,37.938492,23.718492,72,34,42,6,41
2017/07/16 00:00:00,37.955491,23.689335,40,80,29,62,49
2017/07/17 00:00:00,37.947866,23.705685,55,99,55,53,21
2017/07/18 00:00:00,37.957521,23.683768,54,36,38,80,76
2017/07/19 00:00:00,37.959413,23.717752,57,18,4,35,49
2017/07/20 00:00:00,37.947982,23.709960,16,71,1,79,67
2017/07/21 00:00:00,37.944019,23.710850,34,20,92,91,40
2017/07/22 00:00:00,37.964208,23.713653,8,74,12,8,49
2017/07/23 00:00:00,37.948132,23.708048,75,5,87,25,12
2017/07/24 00:00:00,37.944750,23.711753,58,54,90,14,81
2017/07/25 00:00:00,37.942121,23.694905,63,65,71,7,28
2017/07/26 00:00:00,37.954575,23.717034,66,72,78,50,77
2017/07/27 00:00:00,37.955140,23.686810,27,65,73,94,80
2017/07/28 00:00:00,37.952128,23.717403,71,3,47,5,68
2017/07/29 00:00:00,37.964825,23.699501,72,48,80,68,81
2017/07/30 00:00:00,37.947576,23.698080,24,74,8,27,69
2017/07/31 00:00:00,37.947432,23.696278,57,34,73,98,23
2017/08/01 00:00:00,37.944819,23.696302,40,93,81,6,82
2017/08/02 00:00:00,37.962076,23.696395,44,88,19,1,30
2017/08/03 00:00:00,37.940490,23.709797,76,38,27,22,63
2017/08/04 00:00:00,37.943719,23.715900,96,34,33,96,1
2017/08/05 00:00:00,37.963742,23.686186,90,83,99,65,56
2017/08/06 00:00:00,37.955495,23.695919,56,42,49,36,11
2017/08/07 00:00:00,37.942646,23.709744,39,2,12,72,19
2017/08/08 00:00:00,37.948704,23.705617,91,56,21,54,86
2017/08/09 00:00:00,37.954791,23.714655,37,41,90,90,57
2017/08/10 00:00:00,37.949735,23.695528,50,39,73,87,85
2017/08/11 00:00:00,37.964969,23.705161,63,0,22,43,15
2017/08/12 00:00:00,37.965422,23.710753,4,52,64,71,13
2017/08/13 00:00:00,37.948589,23.708921,43,0,66,57,44
2017/08/14 00:00:00,37.953834,23.705758,85,48,34,44,13
2017/08/15 00:00:00,37.940276,23.698807,39,64,48,79,10
2017/08/16 00:00:00,37.944283,23.691407,81,85,26,13,23
2017/08/17 00:00:00,37.964349,23.707948,85,52,72,83,64
2017/08/18 00:00:00,37.949495,23.714156,100,42,30,40,67
2017/08/19 00:00:00,37.937474,23.687920,72,21,35,11,58
2017/08/20 00:00:00,37.947861,23.686260,17,31,37,39,54
2017/08/21 00:00:00,37.958726,23.708874,6,96,44,44,10
2017/08/22 00:00:00,37.953496,23.710897,29,6,78,84,37
2017/08/23 00:00:00,37.946341,23.696204,73,44,23,11,29
2017/08/24 00:00:00,37.964691,23.683653,51,42,65,24,22
2017/08/25 00:00:00,37.959989,23.715123,56,38,55,29,10
2017/08/26 00:00:00,37.947839,23.691903,16,47,94,42,72
2017/08/27 00:00:00,37.939941,23.697452,22,16,95,20,68
2017/08/28 00:00:00,37.945038,23.717691,0,9,80,70,55
2017/08/29 00:00:00,37.942931,23.686852,55,51,74,62,78
2017/08/30 00:00:00,37.938474,23.703965,71,49,79,57,17
2017/08/31 00:00:00,37.946375,23.714818,74,32,88,75,2
2017/09/01 00:00:00,37.950890,23.692452,47,89,85,17,83
2017/09/02 00:00:00,37.940641,23.718651,3,60,52,84,6
2017/09/03 00:00:00,37.959648,23.716334,22,37,87,98,89
2017/09/04 00:00:00,37.948558,23.699548,35,13,47,94,73
2017/09/05 00:00:00,37.944863,23.693230,39,91,7,13,5
2017/09/06 00:00:00,37.946713,23.701337,67,78,20,63,21
2017/09/07 00:00:00,37.940977,23.714260,80,56,40,80,58
2017/09/08 00:00:00,37.945661,23.704924,5,72,27,63,31
2017/09/09 00:00:00,37.958586,23.718059,97,21,4,65,27
2017/09/10 00:00:00,37.942146,23.684482,68,30,9,42,86
2017/09/11 00:00:00,37.939880,23.720754,55,13,0,3,83
2017/09/12 00:00:00,37.937589,23.705696,88,56,94,92,16
2017/09/13 00:00:00,37.943959,23.687708,34,86,60,52,71
2017/09/14 00:00:00,37.944040,23.683492,68,7,53,56,7
2017/09/15 00:00:00,37.962936,23.685570,65,37,73,50,95
2017/09/16 00:00:00,37.941870,23.711767,65,70,32,18,84
2017/09/17 00:00:00,37.954046,23.697347,91,100,23,32,100
2017/09/18 00:00:00,37.940928,23.687034,50,89,78,8,74
2017/09/19 00:00:00,37.950348,23.708744,86,22,67,33,10
2017/09/20 00:00:00,37.948723,23.712749,0,46,71,69,33
2017/09/21 00:00:00,37.964266,23.706309,53,70,75,70,80
2017/09/22 00:00:00,37.962765,23.690410,9,54,97,53,68
2017/09/23 00:00:00,37.948665,23.716712,100,76,25,88,44
2017/09/24 00:00:00,37.959705,23.697423,71,30,98,9,4
2017/09/25 00:00:00,37.949518,23.710224,64,84,37,23,12
2017/09/26 00:00:00,37.941568,23.719093,98,0,6,19,92
2017/09/27 00:00:00,37.965866,23.703812,47,34,2,97,95
2017/09/28 00:00:00,37.941661,23.688837,1,80,29,53,73
2017/09/29 00:00:00,37.940612,23.690852,47,42,26,19,29
2017/09/30 00:00:00,37.959115,23.703289,22,36,99,64,88
2017/10/01 00:00:00,37.949642,23.688801,14,3,93,84,75
2017/10/02 00:00:00,37.944071,23.713498,35,25,58,75,84
2017/10/03 00:00:00,37.938773,23.719828,46,87,3,44,41
2017/10/04 00:00:00,37.958490,23.684896,29,53,39,54,22
2017/10/05 00:00:00,37.944586,23.718216,82,52,23,28,34
2017/10/06 00:00:00,37.960706,23.698504,16,60,32,61,69
2017/10/07 00:00:00,37.938803,23.705921,3,75,0,6,9
2017/10/08 00:00:00,37.953539,23.719508,80,53,88,58,32
2017/10/09 00:00:00,37.954693,23.702380,93,26,36,40,18
2017/10/10 00:00:00,37.962723,23.701179,100,40,31,42,8
2017/10/11 00:00:00,37.941653,23.713323,57,98,82,85,72
2017/10/12 00:00:00,37.953543,23.714889,31,24,86,0,79
2017/10/13 00:00:00,37.943696,23.685008,40,38,34,30,4
2017/10/14 00:00:00,37.964166,23.715978,35,16,48,23,6
2017/10/15 00:00:00,37.956211,23.720859,35,100,10,100,23
2017/10/16 00:00:00,37.949493,23.684918,41,94,73,40,32
2017/10/17 00:00:00,37.944117,23.689232,52,43,73,58,99
2017/10/18 00:00:00,37.943889,23.716542,13,7,71,25,57
2017/10/19 00:00:00,37.965540,23.697509,35,13,72,57,45
2017/10/20 00:00:00,37.957866,23.712580,38,61,88,52,23
2017/10/21 00:00:00,37.944413,23.699083,37,44,23,60,24
2017/10/22 00:00:00,37.955018,23.710136,37,62,21,27,9
2017/10/23 00:00:00,37.937480,23.707100,16,80,74,56,100
2017/10/24 00:00:00,37.957048,23.698786,82,38,44,66,57
2017/10/25 00:00:00,37.945680,23.710234,51,24,10,8,86
2017/10/26 00:00:00,37.955830,23.690895,37,52,2,15,41
2017/10/27 00:00:00,37.939504,23.698884,42,43,70,91,49
2017/10/28 00:00:00,37.949966,23.709512,45,13,90,23,93
2017/10/29 00:00:00,37.955535,23.703075,40,66,95,20,9
2017/10/30 00:00:00,37.944691,23.694159,1,30,20,41,85
2017/10/31 00:00:00,37.959379,23.700742,93,41,76,52,41
2017/11/01 00:00:00,37.955264,23.716298,44,78,3,50,53
2017/11/02 00:00:00,37.941473,23.705111,50,82,94,36,8
2017/11/03 00:00:00,37.965700,23.703659,83,92,9,59,9
2017/11/04 00:00:00,37.937167,23.686368,50,0,23,17,60
2017/11/05 00:00:00,37.957198,23.715755,89,97,43,58,72
2017/11/06 00:00:00,37.965269,23.716173,89,67,46,54,31
2017/11/07 00:00:00,37.944038,23.717146,17,59,15,0,96
2017/11/08 00:00:00,37.960371,23.687159,30,16,83,72,2
2017/11/09 00:00:00,37.949415,23.712685,14,9,20,61,73
2017/11/10 00:00:00,37.957169,23.686317,85,74,11,46,34
2017/11/11 00:00:00,37.962893,23.700131,25,82,19,33,5
2017/11/12 00:00:00,37.963560,23.714447,42,13,95,28,59
2017/11/13 00:00:00,37.943875,23.687040,77,63,42,48,25
2017/11/14 00:00:00,37.958212,23.685376,46,1,60,95,90
2017/11/15 00:00:00,37.937318,23.692904,14,73,14,38,11
2017/11/16 00:00:00,37.963080,23.699905,84,37,16,58,8
2017/11/17 00:00:00,37.957023,23.684026,15,29,26,53,65
2017/11/18 00:00:00,37.945237,23.718082,84,36,18,12,52
2017/11/19 00:00:00,37.950604,23.718229,9,67,72,44,37
2017/11/20 00:00:00,37.947487,23.699114,45,59,50,76,48
2017/11/21 00:00:00,37.963162,23.697311,90,52,77,8,81
2017/11/22 00:00:00,37.961196,23.685979,97,39,17,61,88
2017/11/23 00:00:00,37.938739,23.715748,39,55,77,27,12
2017/11/24 00:00:00,37.937019,23.695336,47,42,43,28,98
2017/11/25 00:00:00,37.962514,23.710531,41,41,16,62,63
2017/11/26 00:00:00,37.963072,23.718974,80,42,83,59,45
2017/11/27 00:00:00,37.939863,23.708425,93,44,80,99,55
2017/11/28 00:00:00,37.959101,23.712869,23,93,94,8,31
2017/11/29 00:00:00,37.937009,23.697622,47,58,38,99,70
2017/11/30 00:00:00,37.954588,23.690845,88,82,23,66,19
2017/12/01 00:00:00,37.962547,23.698868,37,5,9,4,66
2017/12/02 00:00:00,37.941077,23.719492,74,74,99,78,80
2017/12/03 00:00:00,37.957121,23.688497,24,57,76,30,30
2017/12/04 00:00:00,37.952420,23.714338,33,98,74,87,14
2017/12/05 00:00:00,37.961075,23.700015,39,84,97,60,36
2017/12/06 00:00:00,37.950973,23.685615,38,39,14,73,66
2017/12/07 00:00:00,37.965398,23.687753,100,53,94,58,66
2017/12/08 00:00:00,37.938931,23.700387,18,87,48,100,34
2017/12/09 00:00:00,37.941101,23.689010,82,59,37,20,37
2017/12/10 00:00:00,37.938445,23.715454,43,97,93,97,68
2017/12/11 00:00:00,37.962487,23.696250,30,91,22,14,64
2017/12/12 00:00:00,37.946545,23.685531,49,29,73,50,63
2017/12/13 00:00:00,37.958205,23.687418,51,76,74,53,27
2017/12/14 00:00:00,37.961404,23.717679,3,10,42,98,52
2017/12/15 00:00:00,37.947092,23.719769,62,16,47,29,46
2017/12/16 00:00:00,37.938612,23.698025,16,99,21,28,22
2017/12/17 00:00:00,37.949868,23.705974,50,56,93,33,86
2017/12/18 00:00:00,37.960068,23.688393,0,65,6,67,12
2017/12/19 00:00:00,37.960033,23.716777,97,23,45,85,23
2017/12/20 00:00:00,37.962119,23.687275,35,85,67,26,76
2017/12/21 00:00:00,37.946526,23.719604,49,59,55,79,10
2017/12/22 00:00:00,37.947150,23.717239,92,28,92,50,48
2017/12/23 00:00:00,37.950974,23.715574,14,43,69,7,22
2017/12/24 00:00:00,37.946604,23.712958,94,28,99,11,56
2017/12/25 00:00:00,37.952150,23.689597,0,52,4,9,17
2017/12/26 00:00:00,37.948665,23.691723,56,92,98,31,4
2017/12/27 00:00:00,37.940607,23.686775,40,96,100,0,6
2017/12/28 00:00:00,37.963468,23.686889,28,42,24,100,77
2017/12/29 00:00:00,37.960350,23.710660,94,42,18,27,67
2017/12/30 00:00:00,37.963585,23.686022,46,25,29,66,81
2017/12/31 00:00:00,37.944348,23.698907,26,39,58,79,85
2018/01/01 00:00:00,37.954268,23.683559,90,19,33,83,38
2018/01/02 00:00:00,37.942316,23.684487,62,85,59,5,5
2018/01/03 00:00:00,37.941191,23.706075,39,29,89,28,3
2018/01/04 00:00:00,37.965142,23.708642,64,62,55,51,83
2018/01/05 00:00:00,37.955601,23.689418,99,33,94,2,30
2018/01/06 00:00:00,37.944035,23.706510,87,54,24,61,91
2018/01/07 00:00:00,37.948803,23.698700,43,97,53,29,28
2018/01/08 00:00:00,37.956398,23.715018,17,58,57,76,82
2018/01/09 00:00:00,37.954841,23.691490,25,48,90,36,53
2018/01/10 00:00:00,37.953815,23.717108,47,24,55,86,96
2018/01/11 00:00:00,37.958700,23.706804,87,15,70,99,86
2018/01/12 00:00:00,37.957885,23.695668,5,32,29,69,82
2018/01/13 00:00:00,37.962053,23.692879,17,35,40,89,3
2018/01/14 00:00:00,37.938312,23.707195,38,60,45,95,22
2018/01/15 00:00:00,37.955546,23.685708,99,13,11,43,33
2018/01/16 00:00:00,37.940522,23.720863,26,54,87,93,64
2018/01/17 00:00:00,37.946965,23.709652,43,41,84,16,36
2018/01/18 00:00:00,37.951119,23.693173,4,16,81,49,49
2018/01/19 00:00:00,37.954750,23.684099,60,8,80,11,90
2018/01/20 00:00:00,37.949234,23.709837,3,81,4,85,10
2018/01/21 00:00:00,37.951732,23.683522,7,50,78,92,46
2018/01/22 00:00:00,37.943611,23.708982,50,78,56,85,75
2018/01/23 00:00:00,37.963388,23.683472,60,88,52,17,82
2018/01/24 00:00:00,37.938035,23.706017,84,29,50,83,72
2018/01/25 00:00:00,37.954291,23.688324,67,90,70,1,95
2018/01/26 00:00:00,37.948324,23.703238,14,75,98,22,92
2018/01/27 00:00:00,37.939483,23.686221,77,56,61,74,64
2018/01/28 00:00:00,37.939272,23.703443,46,41,10,58,96
2018/01/29 00:00:00,37.944063,23.695223,55,8,7,29,90
2018/01/30 00:00:00,37.955391,23.700247,68,82,90,29,67
2018/01/31 00:00:00,37.946048,23.713713,60,53,24,4,27
2018/02/01 00:00:00,37.949749,23.718007,92,65,58,8,22
2018/02/02 00:00:00,37.952487,23.689100,34,40,66,8,76
2018/02/03 00:00:00,37.944589,23.688068,55,90,60,74,75
2018/02/04 00:00:00,37.958765,23.703556,22,11,96,78,52
2018/02/05 00:00:00,37.960349,23.695892,44,82,56,67,14
2018/02/06 00:00:00,37.959809,23.692377,72,53,16,4,25
2018/02/07 00:00:00,37.940369,23.686419,59,17,42,36,53
2018/02/08 00:00:00,37.945625,23.691428,93,67,1,79,82
2018/02/09 00:00:00,37.938068,23.698892,2,21,79,16,31
2018/02/10 00:00:00,37.938508,23.700096,7,72,97,8,19
2018/02/11 00:00:00,37.954628,23.696194,83,89,0,19,8
2018/02/12 00:00:00,37.948372,23.718894,83,85,50,25,53
2018/02/13 00:00:00,37.952309,23.690666,39,3,83,39,59
2018/02/14 00:00:00,37.949782,23.690951,5,82,34,70,81
2018/02/15 00:00:00,37.959987,23.700226,65,34,71,26,49
2018/02/16 00:00:00,37.948870,23.688121,9,12,48,17,0
2018/02/17 00:00:00,37.947358,23.717504,43,28,46,70,80
2018/02/18 00:00:00,37.951020,23.710378,93,45,85,1,49
2018/02/19 00:00:00,37.961514,23.719863,32,18,87,97,55
2018/02/20 00:00:00,37.946503,23.704530,10,62,6,90,53
2018/02/21 00:00:00,37.954295,23.691674,21,35,53,71,24
2018/02/22 00:00:00,37.953547,23.699102,21,25,68,54,20
2018/02/23 00:00:00,37.960645,23.709395,45,94,41,69,69
2018/02/24 00:00:00,37.948946,23.701791,18,61,77,63,61
2018/02/25 00:00:00,37.955432,23.709162,14,22,57,62,45
2018/02/26 00:00:00,37.954240,23.696203,13,76,33,29,5
2018/02/27 00:00:00,37.961054,23.720460,39,22,97,89,70
2018/02/28 00:00:00,37.938062,23.684252,19,2,44,98,96
2018/03/01 00:00:00,37.940679,23.699450,23,82,23,7,65
2018/03/02 00:00:00,37.951033,23.697910,73,27,23,63,68
2018/03/03 00:00:00,37.965227,23.715739,90,14,78,33,17
2018/03/04 00:00:00,37.938803,23.704383,14,92,70,1,75
2018/03/05 00:00:00,37.941216,23.714330,54,94,100,82,49
2018/03/06 00:00:00,37.965617,23.710355,37,78,20,31,67
2018/03/07 00:00:00,37.946883,23.688669,2,41,6,1,80
2018/03/08 00:00:00,37.940159,23.707288,95,62,49,55,40
2018/03/09 00:00:00,37.962832,23.705377,69,39,20,27,79
2018/03/10 00:00:00,37.953569,23.699789,73,41,49,71,87
2018/03/11 00:00:00,37.958394,23.717806,54,21,57,61,48
2018/03/12 00:00:00,37.952517,23.703741,51,86,73,3,49
2018/03/13 00:00:00,37.946959,23.709491,98,19,17,5,10
2018/03/14 00:00:00,37.951007,23.684720,74,27,21,63,67
2018/03/15 00:00:00,37.962389,23.705994,27,90,38,40,48
2018/03/16 00:00:00,37.941821,23.710894,24,49,34,48,39
2018/03/17 00:00:00,37.955372,23.710075,18,58,37,88,24
2018/03/18 00:00:00,37.944069,23.712414,27,5,2,86,50
2018/03/19 00:00:00,37.954334,23.686942,2,17,80,86,27
2018/03/20 00:00:00,37.945402,23.714462,4,72,4,72,76
2018/03/21 00:00:00,37.950246,23.705037,25,95,59,33,28
2018/03/22 00:00:00,37.938435,23.720219,79,36,6,71,20
2018/03/23 00:00:00,37.962343,23.698761,87,52,52,27,30
2018/03/24 00:00:00,37.944840,23.712569,49,69,84,26,77
2018/03/25 00:00:00,37.954261,23.702167,94,41,77,2,57
2018/03/26 00:00:00,37.960732,23.711358,89,53,32,53,58
2018/03/27 00:00:00,37.952595,23.697800,41,17,4,21,29
2018/03/28 00:00:00,37.950492,23.706813,26,39,60,80,91
2018/03/29 00:00:00,37.963867,23.707051,76,36,3,15,91
2018/03/30 00:00:00,37.956436,23.705058,35,43,81,27,21
2018/03/31 00:00:00,37.944996,23.713240,27,8,2,20,84
2018/04/01 00:00:00,37.946951,23.685430,69,22,15,27,55
2018/04/02 00:00:00,37.956449,23.715071,36,40,30,75,39
2018/04/03 00:00:00,37.952145,23.718367,19,23,8,83,0
2018/04/04 00:00:00,37.965789,23.685638,24,10,88,42,12
2018/04/05 00:00:00,37.937956,23.690046,12,53,9,94,17
2018/04/06 00:00:00,37.961609,23.694083,22,15,75,64,25
2018/04/07 00:00:00,37.962448,23.697611,57,73,94,61,39
2018/04/08 00:00:00,37.944671,23.683690,66,35,44,52,57
2018/04/09 00:00:00,37.949865,23.709910,32,56,33,83,48
2018/04/10 00:00:00,37.946756,23.699735,3,31,40,84,43
2018/04/11 00:00:00,37.959662,23.688851,3,56,56,84,96
2018/04/12 00:00:00,37.955560,23.687909,86,5,18,76,31
2018/04/13 00:00:00,37.941773,23.710780,17,18,10,44,69
2018/04/14 00:00:00,37.949456,23.693621,73,56,83,41,32
2018/04/15 00:00:00,37.945228,23.699149,80,76,68,68,34
2018/04/16 00:00:00,37.959536,23.689766,16,98,22,32,14
2018/04/17 00:00:00,37.955200,23.699724,51,46,35,42,14
2018/04/18 00:00:00,37.939459,23.698113,12,21,7,55,85
2018/04/19 00:00:00,37.963321,23.702856,42,52,66,35,67
2018/04/20 00:00:00,37.956667,23.710807,28,84,39,48,65
2018/04/21 00:00:00,37.960085,23.710336,4,53,64,62,93
2018/04/22 00:00:00,37.939661,23.694521,85,55,59,20,57
2018/04/23 00:00:00,37.942937,23.718755,80,46,78,71,52
2018/04/24 00:00:00,37.949655,23.705983,46,65,16,23,20
2018/04/25 00:00:00,37.961490,23.683517,91,46,95,36,30
2018/04/26 00:00:00,37.963295,23.690457,98,32,7,55,75
2018/04/27 00:00:00,37.960289,23.713616,53,61,13,29,47
2018/04/28 00:00:00,37.946547,23.715679,16,2,100,6,89
2018/04/29 00:00:00,37.937956,23.705804,91,57,37,35,32
2018/04/30 00:00:00,37.949440,23.717445,21,0,37,91,16
2018/05/01 00:00:00,37.944205,23.705506,51,22,58,68,87
2018/05/02 00:00:00,37.942301,23.707935,29,10,38,23,39
2018/05/03 00:00:00,37.963218,23.686723,96,43,73,53,93
2018/05/04 00:00:00,37.962991,23.683547,84,98,97,88,45
2018/05/05 00:00:00,37.964919,23.705720,21,84,89,57,36
2018/05/06 00:00:00,37.941365,23.705168,10,11,89,0,27
2018/05/07 00:00:00,37.953852,23.704848,59,48,83,81,71
2018/05/08 00:00:00,37.961899,23.684422,53,50,13,26,57
2018/05/09 00:00:00,37.948542,23.710502,96,27,86,19,93
2018/05/10 00:00:00,37.961212,23.691525,9,87,40,82,28
2018/05/11 00:00:00,37.962585,23.697180,31,17,25,41,63
2018/05/12 00:00:00,37.947985,23.717159,78,12,80,65,25
2018/05/13 00:00:00,37.963683,23.707690,11,41,91,24,83
2018/05/14 00:00:00,37.949791,23.690572,14,53,66,10,52
2018/05/15 00:00:00,37.952509,23.705695,36,35,76,28,48
2018/05/16 00:00:00,37.954594,23.711462,69,1,28,77,36
2018/05/17 00:00:00,37.947753,23.711835,74,78,6,53,26
2018/05/18 00:00:00,37.962191,23.710969,50,12,62,43,66
2018/05/19 00:00:00,37.958080,23.719608,81,44,29,60,62
2018/05/20 00:00:00,37.949817,23.699385,36,49,2,47,10
2018/05/21 00:00:00,37.943131,23.715911,15,85,9,86,46
2018/05/22 00:00:00,37.951625,23.693989,99,97,85,45,84
2018/05/23 00:00:00,37.953224,23.714120,72,18,44,96,4
2018/05/24 00:00:00,37.942567,23.713928,36,60,48,2,39
2018/05/25 00:00:00,37.958943,23.686971,28,54,30,10,56
2018/05/26 00:00:00,37.945802,23.717841,75,36,63,7,23
2018/05/27 00:00:00,37.958543,23.685403,45,37,83,87,20
2018/05/28 00:00:00,37.938444,23.696140,34,54,36,72,80
2018/05/29 00:00:00,37.962856,23.720486,57,33,33,68,15
2018/05/30 00:00:00,37.942010,23.698757,15,83,24,8,55
2018/05/31 00:00:00,37.958711,23.719807,48,96,10,13,87
2018/06/01 00:00:00,37.959766,23.713697,92,70,90,22,73
2018/06/02 00:00:00,37.960762,23.696127,40,90,96,38,12
2018/06/03 00:00:00,37.945820,23.687486,2,74,39,37,16
2018/06/04 00:00:00,37.941839,23.720459,64,19,34,28,61
2018/06/05 00:00:00,37.964775,23.691727,98,13,69,14,45
2018/06/06 00:00:00,37.937833,23.683668,73,11,72,35,1
2018/06/07 00:00:00,37.952376,23.715381,22,95,6,58,81
2018/06/08 00:00:00,37.945903,23.716174,95,8,33,20,51
2018/06/09 00:00:00,37.948420,23.711675,11,30,70,88,91
2018/06/10 00:00:00,37.944611,23.718677,63,25,29,56,77
2018/06/11 00:00:00,37.950169,23.696079,27,63,1,26,10
2018/06/12 00:00:00,37.946847,23.712224,76,2,48,5,53
2018/06/13 00:00:00,37.938276,23.711421,81,62,40,45,30
2018/06/14 00:00:00,37.955128,23.709199,4,24,13,46,25
2018/06/15 00:00:00,37.950920,23.710104,93,65,70,99,50
2018/06/16 00:00:00,37.954165,23.686317,44,81,22,28,44
2018/06/17 00:00:00,37.940688,23.708007,58,60,92,90,71
2018/06/18 00:00:00,37.954872,23.704095,98,30,35,69,81
2018/06/19 00:00:00,37.940432,23.685253,26,8,90,41,57
2018/06/20 00:00:00,37.942950,23.720680,0,12,25,16,28
2018/06/21 00:00:00,37.953645,23.699169,62,99,65,54,46
2018/06/22 00:00:00,37.958951,23.708671,96,45,92,79,89
2018/06/23 00:00:00,37.942889,23.683216,28,17,86,76,65
2018/06/24 00:00:00,37.945819,23.696076,31,92,35,2,99
2018/06/25 00:00:00,37.962133,23.708968,34,59,100,89,79
2018/06/26 00:00:00,37.944292,23.683036,88,77,30,28,87
2018/06/27 00:00:00,37.944877,23.692826,81,16,17,71,45
2018/06/28 00:00:00,37.963139,23.698171,72,98,38,58,6
2018/06/29 00:00:00,37.965702,23.686262,20,57,10,17,99
2018/06/30 00:00:00,37.961104,23.694353,73,14,93,5,78
,,,,Timestamp: 2018,Timestamp: 20,,
